index,firstName,lastName,id
1,Cliff,Attenbrow,6917028540
2,Hobard,Ions,1063966124
3,Dottie,Whye,7259477557
4,Lorinda,Blenkin,9854764490
5,Lee,Teml,8568220516
6,Dareen,Mixhel,9840903432
7,Zane,Stockhill,3545075128
8,Esta,Epperson,2479461842
9,Lucita,Gerler,7181562825
10,Cathlene,Josephs,4102259019
11,Laurence,Glavin,2570697039
12,Orsa,Killingsworth,4313744264
13,Adda,Flott,4579556014
14,Donovan,Melmar,1149724542
15,Fitz,Manhood,8275277414
16,Jacob,Dinley,5384698404
17,Stanton,Glader,6015319808
18,Reta,Cockram,8529034313
19,Natalie,Roulston,5807363877
20,Stanwood,Mudd,8180511574
21,Minna,Gaish,4876197503
22,Maximilianus,Kinchlea,9070201501
23,Mathilda,Bagster,2913499093
24,Isidor,Silliman,1687812777
25,Tomi,McCrone,1151514468
26,Charmaine,Cardall,7606546627
27,Dottie,Sillitoe,1111097486
28,Norton,Scholefield,9565650779
29,Lucias,Varfalameev,9946574915
30,Sergeant,Rubinovitsch,6794237614
31,Cordelie,Ribou,5085939973
32,Townie,MacKartan,2719493389
33,Leonidas,Panther,6422669279
34,Penny,Goodband,4871571465
35,Bram,Belhome,1673262602
36,Magnum,Tubbs,9892269769
37,Jessee,Humby,5476957705
38,Viola,Yea,9989361189
39,Alvy,Bazek,5497379480
40,Everett,Awin,8747088936
41,Viviene,Mechem,7666020657
42,Bradly,Minchell,6894540515
43,Briggs,Demoge,9377402577
44,Nathan,Ollive,6419113272
45,Zia,Chilley,7199241876
46,Reyna,Fowden,3241188258
47,Ezri,Steffans,1139538699
48,Jenilee,Ertelt,3947171632
49,Lorenza,Shropsheir,8871940949
50,Baxie,Swarbrick,6707555834
51,Kimberlee,Fyrth,7722738352
52,Nada,Girardy,9103605640
53,Rachel,Winsom,1388066894
54,Brinn,Kubiak,9624439598
55,Myrah,Offield,4188763912
56,Laina,Ingolotti,6551947545
57,Brian,Esch,6333013756
58,Conni,Dallimare,9205138224
59,Nathalia,Buffery,3409582362
60,Jenn,Gummow,8060522491
61,Ellen,Kimmons,7299343681
62,Kristos,Fley,2918454064
63,Justis,Pleat,6443822454
64,Merrill,Swinburn,9652611485
65,Thaxter,Alcide,8918481332
66,Antonia,Tuvey,5411949056
67,Salaidh,Dachs,6922916402
68,Bill,Hooke,8816576952
69,Guillermo,Shekle,5862344082
70,Maxie,Dovermann,4785416260
71,Joete,Keegan,4281261938
72,Delainey,Dayley,3760141988
73,Nappie,Barnsdale,2042762699
74,Sibby,Eeles,2772036687
75,Cass,de Quincey,8811657501
76,Giralda,Donnel,7369319681
77,Ewell,Bernardelli,7011959502
78,Michail,Brusby,6644373519
79,Caterina,Burrow,6935872846
80,Barb,Trowill,9066100164
81,Sherman,Blagden,1540551037
82,Thaxter,Sneden,9186089515
83,Bridie,Mordon,3563389121
84,Grove,Gomes,9042183482
85,Normie,Durnford,2166682426
86,Katy,Klaas,7842213501
87,Brinna,Gresly,4367552201
88,Tymon,Feldbrin,6891378663
89,Rooney,Strowan,4311033392
90,Finley,Humbie,2072611810
91,Justino,Balmadier,6870999369
92,Junie,Lawlance,6929615598
93,Fitz,Eaddy,7332508497
94,Francoise,Stayt,8143219090
95,Maryanna,Toffoletto,9965683054
96,Buffy,Duesberry,1249289824
97,Margarete,Ricardin,5543057578
98,Felipa,Franzoli,1930516018
99,Wyn,Symmers,9030886162
100,Tildie,Rathke,4055938239
101,Galvin,Thatcham,2436609173
102,Betsy,Tonge,3149817585
103,Geralda,Stanman,7608909693
104,Veradis,Lavallin,8693773047
105,Trumann,Lillie,6455734961
106,Verina,Swalough,6652019495
107,Tabatha,McDermid,1650109640
108,Sybyl,Roze,1447529161
109,Cullen,Artis,3512133051
110,Howard,Piscot,6485561919
111,Daron,Folbig,3279543405
112,Basil,Omar,9812948167
113,Andrei,Badwick,2601242658
114,Carl,Loalday,5540432113
115,Walt,Winchurch,9292562559
116,Hillard,Uff,4814614896
117,Constantino,Meikle,1683060277
118,Bradney,Sibary,7102862790
119,Laure,MacMoyer,6997573257
120,Nicola,Burkman,6996890978
121,Davidson,Prozescky,8883400958
122,Penelopa,Dormer,5376468989
123,Cleopatra,Cowie,5874609375
124,Shirley,Allender,3129880562
125,Jeanie,Lothean,2986098346
126,Waldo,Cornock,7115828115
127,Nikkie,Skottle,5270426728
128,Donni,Jesteco,8971771792
129,Aubrette,Smout,5700829041
130,Ediva,Alvares,2163920052
131,Giordano,Pettipher,7338485429
132,Iver,Olyet,3403758504
133,Gaven,Eslie,3454337393
134,Joeann,Brittain,5569091392
135,Gertrude,Torrisi,5201321307
136,Rebeca,McIlmurray,8475922824
137,Amanda,Lynch,3026422727
138,Lisbeth,Robet,5854610605
139,Cheston,MacRorie,8526924322
140,Jarib,Donalson,7727958404
141,Percy,Rossin,4911435099
142,Delphinia,Gooderridge,9174875752
143,Conrad,Dade,5202919294
144,Diannne,Doone,1614420505
145,Costanza,Avarne,9449647981
146,Griff,Wigin,7260050662
147,Daisey,Alexander,5091217336
148,Saunders,Neave,2074345798
149,Boote,De Maine,1911852998
150,Llywellyn,Leahair,2873502931
151,Murry,Tregien,8929658335
152,Morley,Hallick,5063653724
153,Andriette,Sundin,9645730871
154,Bayard,Wakeling,1428044152
155,Sterling,Olliver,2947676764
156,Tawnya,Philipeaux,8000170640
157,Trenna,Aish,8201123025
158,Devora,Cars,4308233120
159,Alvina,Bubear,6215115890
160,Marlowe,Darleston,1258866146
161,Shelba,Bentame,7276543447
162,Maegan,Smalley,9865555324
163,Wallas,Piggot,8237393725
164,Adorne,Popping,8117483483
165,Rita,Iozefovich,7135485618
166,Florette,Winton,7786744836
167,Codie,Tixier,1979414672
168,Ediva,Lafay,3212749311
169,Francine,Showering,4420733584
170,Corissa,Worsnop,4836472801
171,Gerrard,Fantone,1120358539
172,Briny,Hedling,9272890697
173,Harold,Fifield,5622573441
174,Drake,Brent,9165071576
175,Gibby,Briand,2032240814
176,Bettye,Hanton,2303726131
177,Jock,Nuttall,6988063216
178,Esmaria,Tattersall,3070910692
179,Tristan,Soda,5237672919
180,Auguste,Pietruszka,3845013318
181,Wang,Odby,8343572653
182,Joella,Oakden,8933722818
183,Mikol,Myhill,6727068083
184,Hollis,Hiddy,5838373039
185,Harmony,De Castri,7344415781
186,Costanza,Jaukovic,2931735503
187,Olwen,Ochiltree,7526035084
188,Jacqui,Ruggier,7060027458
189,Hendrik,Buddles,9860930852
190,Gardener,Mullord,3450068661
191,Land,Lanston,2700920252
192,Joachim,Brennand,4951421436
193,Edik,Durtnall,6838236041
194,Faythe,Bursnoll,1316466882
195,Nichole,Basill,9262787295
196,Orelie,Malamore,3182882767
197,Karoly,Osant,1500085354
198,Zorah,Jerke,6090971580
199,Dulcy,Akaster,5076138895
200,Celestine,Nucator,2019001222
201,Willis,Ierland,6535028743
202,Imojean,Petrashov,6494146634
203,Janeva,Reany,6788588392
204,Wainwright,Trythall,6162034484
205,Gerek,Litchmore,2333189769
206,Mercie,Dencs,5797525960
207,Umeko,Etty,3213220305
208,Moyna,Scothern,2981484059
209,Urbano,Delbergue,9782721129
210,Wallie,Dutch,5521484796
211,Kin,Crosseland,5191113939
212,Porter,Farloe,5619152478
213,Constantin,Hulse,9129384623
214,Hewie,Loomis,2316998561
215,Killian,Aylen,1144042984
216,Audre,Braisher,5778957733
217,Devin,Bartoloma,9533400150
218,Chilton,Ferguson,6826853976
219,Camellia,Rothon,1089667776
220,Perice,Miklem,2872273786
221,Janis,Brock,1908310746
222,Kathie,Lammerding,8670382406
223,Raimondo,Garvie,8289922738
224,Ly,Ostler,3741231431
225,Dennet,Pearson,9588217728
226,Kasey,Govier,6911973962
227,Marilyn,Arrow,4433398523
228,Wiley,Glenny,3328822885
229,Bord,Spurier,2646259855
230,Zelma,Panting,4880426012
231,Kacy,Longmaid,3963362047
232,Clemente,Waterhous,7619920466
233,Laney,Eckert,5428922461
234,Blair,Zammitt,1963967954
235,Gratia,Bertenshaw,6260332901
236,Margaret,Week,9517856740
237,Iggie,Mellows,9541809642
238,Orella,Coling,5604405033
239,Clare,Jozwicki,4176042938
240,Chrissie,McInteer,9075158362
241,Rhiamon,Fidgin,3283786839
242,Sherwood,Chipchase,7252089673
243,Martainn,Yezafovich,3423430643
244,Sally,Tyres,6757300525
245,Gaven,Camfield,1309611747
246,Linette,Gascoine,5645634166
247,Glad,Dencs,1095605974
248,Tore,Ragot,1529851036
249,Kore,Bourdon,5429545662
250,Lindsay,Hellis,1343344256
251,Johnna,Rohfsen,5110721446
252,Joelie,Starking,2567146776
253,Cami,Gonnely,1510284796
254,Miranda,Bartleet,2643654839
255,Jerald,Bisiker,5103402407
256,Nadiya,Hastelow,6649959168
257,Ashlen,Crunden,2795203263
258,Cobb,Leggis,4854611510
259,Virge,Greason,5896052688
260,Marcos,Blinman,5492349629
261,Jerrie,Yezafovich,6318451611
262,Mortimer,Stadding,7008453999
263,Ossie,Spilstead,7742265635
264,Reggis,Cockton,2566527651
265,Fred,Aldritt,5763665408
266,Selestina,Le Gallo,5107545984
267,Percival,Gogarty,5906675726
268,Haroun,Donhardt,1551950173
269,Ahmad,Logsdale,1868541087
270,Elliot,Rylett,6511681156
271,Bentlee,Macura,6214030931
272,Brendis,Bernli,3444021882
273,Nonah,Woolaghan,8480805209
274,Rudy,Mutch,5597627579
275,Vivianna,Ninotti,9345685468
276,Veronique,Chalkly,4634073011
277,Elene,Deeson,8766713393
278,Kevina,Leddy,2309042009
279,Barnett,Kybbye,4304008219
280,Ardis,Backe,8911877546
281,Aldous,Pfeiffer,8115105516
282,Thatcher,Lemmens,7118293104
283,Franny,Goldie,8572966618
284,Ad,Casarili,7998387731
285,Bryce,Karslake,9936473316
286,Margaretha,Tungay,1568652377
287,Osbert,Farra,9280665331
288,Butch,Cotmore,8858854661
289,Hazlett,Pilmer,8031369211
290,Foss,Cawson,6745958576
291,Dorry,Srawley,1274845588
292,Corry,Muglestone,6387688432
293,Bailie,Burn,7204885000
294,Judah,Ashard,9496961118
295,Greg,Esselen,4143508673
296,Murdock,Kassidy,6982791152
297,Josiah,Shillaker,1689520960
298,Livy,Crankshaw,9984782346
299,Hank,Czadla,6241115437
300,Kerby,Trawin,2887659981
301,Allyson,Greguol,1381225974
302,Angeline,Jaques,1020403808
303,Juli,Nutton,4991070150
304,Merwyn,Holcroft,8427480546
305,Clare,Grassick,6680545293
306,Rafaellle,Halligan,7354420340
307,Giff,Embling,7842649915
308,Pierson,Leatherborrow,9737426740
309,Cordell,Gartin,1481480486
310,Adamo,Flitcroft,5490304340
311,Minor,Wiggett,2678353076
312,Raymund,Faloon,5326230607
313,Berenice,Lief,3942587459
314,Noelle,Ruskin,8174262682
315,Crystal,Duchesne,6500141089
316,Reynolds,Breslauer,3432560825
317,Alissa,Bootman,6491886895
318,Windy,Mahaffey,2031581916
319,Fredericka,Norheny,2221102806
320,Edmon,Broggini,1319373796
321,Normy,Bispham,9109567245
322,Ashley,Wisniewski,6844336420
323,Wainwright,Canet,1955903998
324,Cherida,Mitchley,8111169516
325,Launce,Dukesbury,4741506464
326,Darius,Cuerda,4998130429
327,Reyna,Buscombe,3020354896
328,Kenny,De Lascy,7463599471
329,Robbie,Farraway,1669713381
330,Lorena,Cavan,8381584034
331,Eileen,Bailes,4947193763
332,Marjy,Egger,2386981427
333,Ingeborg,Bowyer,1977098100
334,Redford,Inglesfield,2893032566
335,Cathrine,Gossage,4944947412
336,Mario,Glisenan,4615707076
337,Terrell,Andreasen,9186907344
338,Adham,Muff,6864853909
339,Alister,Deegin,5458129368
340,Helenelizabeth,Crowe,5301030877
341,Dedra,O'Malley,7704274385
342,Darlene,Stickel,5616868705
343,Valentin,Conisbee,4134985227
344,Tate,Alison,4912445204
345,Park,Ceccoli,2325985796
346,Archer,Mogridge,1834857820
347,Clareta,Shenton,7953613224
348,Minna,Srawley,5522828626
349,Magdaia,Lawrinson,3832045605
350,Aliza,Padell,8392977193
351,Tomkin,Mirralls,7343875174
352,Bertrando,Eggins,3915361715
353,Reba,Lepoidevin,2318364991
354,Park,De Brett,3215568756
355,Patsy,Stearnes,1608049734
356,Clarita,Deval,4606355077
357,Wiley,Haughin,9298822075
358,Heall,Flatt,7444865182
359,Therese,Flay,1636427441
360,Tully,Tregenza,7319638965
361,Giorgia,O'Carran,1481286816
362,Ashli,Inkpen,6262846066
363,Loella,Annand,3792857616
364,Annadiana,McCanny,6006597168
365,Jacquelin,Shilstone,4056031172
366,Jim,Warrener,9828260316
367,Merell,Corck,3331648116
368,Alix,Pitrelli,4987153795
369,Luciano,Salaman,8487172235
370,Irvine,Gibke,1987540498
371,Karolina,Maclaine,7393224802
372,Jennica,Vasilenko,7431065311
373,Giovanna,Eskrick,7983098076
374,Joelly,Pennazzi,2120157711
375,Rosamund,McEwen,9366523510
376,Westbrook,Jessep,5369082408
377,Ibbie,Standing,4301773061
378,Brose,De Gogay,9043381288
379,Jarad,Panting,9842147159
380,Baxter,Reef,3628817438
381,Cass,Smalley,1108983476
382,Rolando,Lambregts,5193160455
383,Bogart,Klimas,4598536978
384,Rudolfo,Sharplin,5118894444
385,Cherye,Rubinowicz,4317684106
386,Boigie,Airy,9925561999
387,Jobye,Johnys,7639023894
388,Justinian,Patsall,9983369272
389,Rosanna,Gisburne,1897099741
390,Ralina,Gersam,5561986920
391,Jodie,O'Keevan,6111127996
392,Marcille,O'Cassidy,1525389631
393,Elyse,Baskerfield,1400844149
394,Kristina,Poyser,2430942636
395,Catha,Peerless,5382015685
396,Monique,Whithorn,7284509476
397,Christen,Loude,9049619336
398,Reginald,Riggoll,4183777772
399,Dinnie,Yendle,8875267415
400,Fanchon,Edworthy,3841682385
401,Hakim,Mantripp,1119245706
402,Ring,Bortoletti,5414336816
403,Reinold,Dowson,7903794038
404,Nicolette,Syme,9129015895
405,Gunilla,Prendergast,3983208075
406,Piggy,Pionter,3431953096
407,Iggie,Mintrim,3223394319
408,Creigh,Slot,9536920074
409,Gizela,Bande,4560232830
410,Eleen,Dumbelton,3997655661
411,Latashia,Ewings,8185060011
412,Ronnica,Taphouse,8059593792
413,Kile,Kleeborn,1143709370
414,Della,Quesne,5498008878
415,Jocelyne,Gobel,3704767958
416,Mandie,Ballance,6913191161
417,Brook,Brierley,3556860065
418,Carolan,Dimmack,8399069268
419,Margaretha,Symons,4417422883
420,Artie,Keling,4100627430
421,Nonna,Murrow,1164907773
422,Sherie,Merfin,1700465124
423,Jerrie,McKeran,8163133864
424,Bartholomew,Horstead,6003141547
425,Kareem,Bresson,6995016975
426,Shelby,Partener,6223457826
427,Jyoti,Cockman,9976283485
428,Paxton,Silkston,8416817262
429,Patin,Chesher,4793083450
430,Millisent,Gornal,4822280350
431,Kynthia,Lumsden,8637896021
432,Bogart,Earley,5507403853
433,Peyton,Brideaux,6424873039
434,Terence,Matskevich,7387177546
435,Joyce,Buzza,7676846886
436,West,Rudderham,1660931544
437,Bob,Rembrant,3686463057
438,Barry,Hannay,6097787510
439,Cacilia,Carine,1539325066
440,Karlan,Humpage,3569059963
441,Dulciana,Harbin,8131565561
442,Arlina,Pinnere,9711562821
443,Hubie,Clancey,3251148466
444,Garreth,Kleanthous,4637415062
445,Ricky,Shillitto,8289041940
446,Octavia,Clemow,5487959353
447,Pamella,Strephan,8646623700
448,Rodd,Greatorex,9038454882
449,Onfre,Skerm,5061074952
450,Horst,Lardnar,7456568176
451,Wesley,Stote,8240962379
452,Gerald,FitzAlan,1545438866
453,Bethany,Godley,2130799609
454,Alexine,Woolf,2377961052
455,Denis,Ogilby,8631213030
456,Amandie,Eisenberg,5729219134
457,Maurise,Keefe,5358474912
458,Kassia,Chillingsworth,9638451576
459,Marthe,Corpes,7529794640
460,Blinni,Casserley,2771174659
461,Mathe,Pattington,8461742259
462,Maye,Sitlinton,1785731778
463,Harriett,Jaffrey,4543810532
464,Kristofor,Maty,2542907322
465,Pammy,Duffitt,3858903430
466,Tallou,Stacy,3237356478
467,Nettle,Claus,5244550996
468,Alana,Attock,9241598661
469,Lemuel,Gauche,9132206079
470,Jameson,Kinsell,4310982553
471,Anne-marie,Horlick,8443738017
472,Corene,Fennick,8335319030
473,Annabela,Blenkensop,6830063169
474,Evelyn,Taggart,9471472574
475,Melva,Manske,5148861661
476,Foster,Cobain,8652994885
477,Ugo,Descroix,2848574493
478,Sal,Hefforde,1433912152
479,Morrie,Hamments,9422366001
480,Candie,Treleven,2457940525
481,Koren,Oldfield,4104991893
482,Deirdre,Crimp,8275791263
483,Glennis,Smidmore,8994959263
484,Stan,McCraine,9795895457
485,Sonny,Le Prevost,4563436875
486,Bentlee,Gostall,7965844648
487,Shell,Fields,2306435734
488,Ada,Eastgate,7236374328
489,Aristotle,Di Roberto,1001012642
490,Stanislas,Philipsohn,4123397429
491,Elyse,Bernardeau,7700215462
492,Jayne,Baldacco,4371395311
493,Brade,Geraldi,1958163014
494,Lora,Avrashin,9053689134
495,Abelard,Alwin,2145823442
496,Marlyn,Cosin,6976431087
497,Amalie,Christian,9133351934
498,Nanon,De Ruel,1649801824
499,Dolli,Readwood,2979208671
500,Remington,Bache,8851937813
501,Domenic,Purveys,7378475166
502,Stu,McFadin,8741046699
503,Kassey,Bengough,3018276757
504,Lem,Leggs,1360459086
505,Harmonie,Schubbert,8493182061
506,Logan,Geill,2783303474
507,Phaedra,Labba,1656506143
508,Olin,Greening,3846755926
509,Mercie,Byres,6045203113
510,Towny,Klemz,2840632315
511,Brita,Leahey,2257154097
512,Mariquilla,Lefever,6615685059
513,Winni,Benck,4081675995
514,Arty,Patkin,3158795263
515,Ranna,Ruhben,7682022899
516,Kippy,MacKerley,3697245418
517,Cindy,Rabbatts,3660016259
518,Morgan,Heitz,8830353806
519,Ebba,Robertson,3819306655
520,Vlad,Ewens,1691933653
521,Devinne,Washington,3249272613
522,Daniella,Baress,1386560368
523,Kalvin,Maulden,4783255542
524,Windy,Hindsberg,3199094956
525,Anni,Pragnell,8641904642
526,Forbes,Gerrell,7085297936
527,Monica,Velden,4955432228
528,Aube,Penley,9147068401
529,Jenni,Keeting,4957834175
530,Georgianna,Bowie,4777653808
531,Harlin,Dent,6315351004
532,Celina,Dufore,9472278384
533,Delainey,Purseglove,8133971119
534,Wilfred,Di Domenico,1624791573
535,Domenic,Warnock,3589403439
536,Ertha,Stallon,7836681101
537,Gerry,Greenham,7954318256
538,Annabell,Carss,9691168332
539,Tessi,Wyeth,9177833774
540,Claire,Fulk,9567889874
541,Rhodia,Martensen,9097095242
542,Lianna,Iacobassi,2451997702
543,Mella,Kinningley,6327327684
544,Stefan,Minchella,8372739004
545,Bayard,Lavington,8504303668
546,Alisha,Haborn,2859048285
547,Elisha,Graalmans,1743634103
548,Jaquelyn,Aers,6997166979
549,Harriot,Mingus,4969040247
550,Lion,Gethin,1691455009
551,Barrett,Wrench,9307265363
552,Kassandra,McFfaden,7671903644
553,Leia,Reddyhoff,5369279660
554,Nahum,Allbon,1205320307
555,Cam,Spire,9107119450
556,Eadith,Matoshin,6512070806
557,Tobe,Devigne,6943683649
558,Edy,Lewisham,5250756160
559,Elana,Franzen,8405947349
560,Shara,Arkow,7113126178
561,Ches,Salway,9533325340
562,Celesta,Olenichev,5002535083
563,Wenona,Huscroft,2503089476
564,Duff,Cord,3223245675
565,Brigida,Raden,1300421778
566,Eberto,Brockie,4110483503
567,Nicol,Hoggan,8784567279
568,Chickie,Rolingson,7237572193
569,Ruthanne,Spring,1369723917
570,Reid,Beedham,5182509040
571,Marje,Charrett,6299832019
572,Ninon,Hullock,6116329708
573,Mic,Obey,4498391123
574,Devinne,Posen,5841004751
575,Benjamin,Castellan,4038266335
576,Dewey,Dunphie,8729071023
577,Lacee,MacWhan,2507557449
578,Quinton,Yann,3952694147
579,Jammal,Mackinder,5371256484
580,Cal,Bramo,7861489993
581,Nicky,Garard,3994245635
582,Allyn,Pawnsford,5904599651
583,Care,Juett,5347827814
584,Sean,Childerhouse,2001057768
585,Brett,Getcliffe,9898718158
586,Thatch,Jeavons,4719945160
587,Zuzana,Trenchard,9260837472
588,Justina,Paterson,4168680504
589,Colin,Haggeth,7438220081
590,Fidel,Timblett,7775844511
591,Raine,Escale,6285062194
592,Brina,Stannus,4634093424
593,Blondy,Madine,6020442667
594,Agathe,Joerning,6012533165
595,Starla,Minors,2145379758
596,Bronny,Stanlake,5528622024
597,Payton,Naulty,9019870821
598,Therese,Cleobury,3021406314
599,Torre,Griffey,8559517317
600,Nannie,Ramshaw,5875377856
601,Carlina,Christiensen,3979646411
602,Aubert,Horrigan,2722862661
603,Powell,Chedzoy,6880768355
604,Arther,Lourens,7749600110
605,Natala,Ingraham,1478308606
606,Arvin,Klewi,9828032162
607,Stirling,Ritelli,4855454612
608,Elizabet,Dairton,5767792863
609,Herminia,Sheldrick,7761739049
610,Clari,Standell,6098471057
611,Arleen,Lenchenko,7062686037
612,Weber,Sidgwick,8939876005
613,Jere,McNamee,8395326256
614,Francene,Noteyoung,9771577358
615,Danny,Burr,9320844709
616,Janna,MacCall,2529627029
617,Dunstan,Sever,1642290903
618,Hatty,Sabater,7486026462
619,Freedman,Dobby,7272335731
620,Wilbert,Frear,5840075296
621,Debby,Shade,8532208638
622,Seymour,Brownsword,8553922040
623,Elonore,Ricson,6506169318
624,Agata,Volkers,1213189341
625,Ynez,Benedek,8536099658
626,Licha,Steffan,9104287286
627,Milty,Tinkler,3354598731
628,Allys,Harrod,8105407518
629,Elmo,Icom,4501918204
630,Haleigh,Oddey,6792351225
631,Daisi,Haveline,9935144458
632,Odell,Ivanilov,8671878337
633,Jock,Pride,9108370789
634,Ase,Foldes,4186931605
635,Rex,Boorman,8315539764
636,Colin,Keeltagh,8368556713
637,Alanah,Clowsley,4703104439
638,Ferdinand,Stephenson,5523458404
639,Louise,Cotterrill,8701728962
640,Rici,Mablestone,2929606818
641,Phil,Blizard,7401470145
642,Stanleigh,Maberley,1970657912
643,Ines,Creasy,5849573251
644,Milly,Hilary,8918850495
645,Scarface,Hackford,6403184256
646,Joby,Cottage,7731643222
647,Julee,Dufton,8959142584
648,Tallou,Signe,8289997744
649,Dacia,Probet,4755003573
650,Fremont,Bernadon,2225712858
651,Wendie,Gaspero,7038879744
652,Kim,Tournay,1635007940
653,Myranda,Vanetti,5684205225
654,Selena,Samson,2824420006
655,Joellen,Gristwood,2838680287
656,Janos,Learoyd,2512824802
657,Dianne,Yewman,6478009030
658,Ancell,Jans,8910083814
659,Melisenda,Bellini,8267351638
660,Richard,Batterson,6320724638
661,Gerome,Davidoff,8286065262
662,Seth,Goldingay,6558072302
663,Gerta,Wederell,2881038853
664,Herc,Benfield,5880003368
665,Aigneis,Hummerston,9136151986
666,Trumaine,Aubin,9539381340
667,Letty,Karlicek,6968970830
668,Gretal,Sinnett,8029706516
669,Valaria,Whimper,7037364273
670,Reece,Pelman,4935407867
671,Rona,Ortiger,5946308450
672,Raleigh,Rishbrook,8201306250
673,Darwin,Terry,6931298937
674,Pattin,Goldsberry,6770392033
675,Dido,Spellsworth,3744110778
676,Gardy,Greenhalgh,8779644009
677,Aleta,Staton,3459630032
678,Gert,Hagan,9331576209
679,Jessie,Molesworth,3994605790
680,Halli,Cuberley,4214671699
681,Sterne,MacCrackan,2809550554
682,Shandie,Tarbin,8401291448
683,Mill,Lightwing,2353798315
684,Arleyne,Courtois,9873505218
685,Scarlett,Pennazzi,2716410495
686,Orrin,Novichenko,4474205470
687,Royall,Durgan,8424605400
688,Fancy,Kaas,5721284893
689,Raeann,Edelmann,9359762723
690,Fabien,Starbuck,1248481314
691,Flemming,Pechard,4326017468
692,Farrand,de Aguirre,8520714439
693,Chanda,Senecaux,4777664433
694,Cornela,Oleszcuk,6674266049
695,Whittaker,Musico,4224373265
696,Eydie,Dubber,3460259377
697,Kenna,McLanachan,3636279176
698,Skipp,Corkhill,4464348605
699,Kippy,Gladwell,4550574162
700,Hedi,Gatheral,3338117333
701,Zaria,Rennock,7425419629
702,Marget,Moryson,7663272175
703,Kaine,Veltmann,4424714976
704,Rozina,Willwood,6143169753
705,Kass,Asgodby,4070924747
706,Anson,Ponde,8772431712
707,Howard,Lavender,7443015937
708,Arnold,Eronie,5282035567
709,Corby,Aldwick,7777229104
710,Edsel,Fitchet,3295781400
711,Lise,Baudassi,8384494683
712,Howie,Trowler,9272465357
713,Randell,Acreman,8873014558
714,Merrile,Croom,7125731904
715,Blancha,O'Kynsillaghe,5470439986
716,Lara,Dane,9508739697
717,Hildagarde,Moulsdale,9527993233
718,Dede,Verney,6778779810
719,Amy,Wytchard,9858923400
720,Andros,Alpes,8285479571
721,Conrad,Hugnin,2339920575
722,Marleah,Wescott,7889275374
723,Sheilakathryn,Novotni,5285414495
724,Zeb,Ricca,5390109541
725,Leda,Rothman,3783756867
726,Neil,Hourihan,1091789377
727,Stafani,Streatfield,4597666967
728,Lucy,Ashplant,1603511128
729,Alistair,Messham,1804650258
730,Udell,Joselevitch,9454828772
731,Reuben,Scanterbury,9750060773
732,Glenden,Longbone,3061578766
733,Herrick,Pervew,7031186396
734,Minette,Meader,6573154002
735,Ailis,Antognelli,5966443554
736,Donnie,Leif,2923039108
737,Gerianne,Dunnico,2639490338
738,Katrinka,Gilli,5995393269
739,Kristi,Porteous,8555159471
740,Krystal,Waddup,8877733163
741,Margie,Lett,4259940363
742,Rosene,Raithmill,8970488675
743,Crosby,MacCallion,7433262094
744,Shandie,Cleve,7506541855
745,Juliane,Tucknutt,7636856383
746,Rem,Bristoe,9750234974
747,Bridie,O'Hagerty,2698251197
748,Daphne,Clemintoni,1759502458
749,Addy,Scarlet,6050935585
750,Ford,Stuehmeyer,6156461650
751,Cosme,Garrad,8604214424
752,Earvin,Sphinxe,1489313912
753,Fax,Sambath,1879768685
754,Alvina,Jemmett,8054461950
755,Jilly,Di Filippo,7958439939
756,Gayle,MacClay,3625701721
757,Ariel,Fishly,7204291685
758,Abie,Yarham,9927989157
759,Miller,Britzius,2360865070
760,Tedman,Moggan,9131809946
761,Chandler,Wilsdon,8475891104
762,Pattie,Janicijevic,4816810222
763,Hobey,McGlashan,2919812255
764,Perceval,Gracey,4444583597
765,Weber,Loudiane,7972805303
766,Christin,Hankard,2576322067
767,Ophelia,Baume,5540551510
768,Wallas,Elloit,1091377387
769,Homere,Meller,2328406799
770,Megan,Lowis,4083638211
771,Dorotea,Wilsdon,5635872788
772,Moritz,Greguoli,7724766050
773,Travus,Rosita,1306117020
774,Adelle,Mulhall,9916973160
775,Codie,Castrillo,2662476728
776,Ronnie,Dutch,8103513232
777,Jocelyn,Tomaskov,6287680425
778,Valida,Tichelaar,1085855314
779,Worden,Trickett,3426145404
780,Merwyn,Rook,5867199630
781,Caren,Russen,3497514060
782,Biddy,Longo,2826911964
783,Reinhard,Hartles,6384876388
784,Lisa,Filinkov,9804425770
785,Dorothy,Ledur,7795699208
786,Ronni,Cherry,2959689533
787,Perrine,Lightning,6956336359
788,Igor,Chessel,6953659891
789,Pall,Mackiewicz,2525335998
790,Thebault,Heinsius,6715622281
791,Albie,Guare,1844050326
792,Jolynn,Escritt,2639453422
793,Julianna,Frankling,1015741091
794,Cordey,Whisby,5613000500
795,Addy,Casini,4562878604
796,Leonidas,Cork,2817321902
797,Micky,Rotham,7383227155
798,Conant,MacIlwrick,8274634310
799,Seth,Margett,3805846543
800,Bari,Tal,6875238344
801,Sarene,MacCrosson,9046989605
802,Luis,Bastide,2961463620
803,Robbi,Bilbery,9840487749
804,Renata,Minty,8617151187
805,Lisle,Pietzner,9965158252
806,Gaylor,Downing,7564909423
807,Benjamin,Lory,2237881210
808,Willard,Benallack,3574282977
809,Gayler,Tarpey,9791120239
810,Tonie,Jedras,7216983014
811,Cathy,Bolitho,1022046385
812,Danyelle,Toope,4729299011
813,Bonni,Cowap,3360123203
814,Nara,Peever,6953111725
815,Ruthie,Cabbell,1085057602
816,Humfrey,Pinilla,3073119218
817,Keary,Reary,2854080210
818,Webster,Hassent,8251177980
819,Misti,Guilleton,5193536132
820,Bradan,Cassin,7911326585
821,Maryann,Paulig,1426123442
822,Margalo,Keam,2009100193
823,Enrique,Sikorski,5443098254
824,Stephan,Schowenburg,5089546483
825,Maison,Tomblings,7507018209
826,Shep,Rosenfelt,2062842911
827,Glynis,Hamilton,5154695778
828,Romeo,Larkings,1628894901
829,Larina,Emett,8223361723
830,Ulrike,Brouwer,8774448178
831,Merrie,Klimp,5634417513
832,Ashby,Tarply,1681563723
833,Vi,Kilpatrick,3501972245
834,Malanie,Scoggins,3971489296
835,Rene,MacCulloch,4644340470
836,Annadiana,Nattriss,3819158090
837,Vladimir,Caustick,7066668149
838,Devlin,Akrigg,5148745388
839,Chanda,Peetermann,9375153791
840,Annemarie,Glozman,3076874610
841,Hilary,Lebel,2610091354
842,Giffy,Tincey,8605694745
843,Merwin,Gillbard,2983457231
844,Belva,Sucre,3198343585
845,Sabrina,Baff,6859366546
846,Boyce,Giovannardi,6995500248
847,Laughton,Grimme,7629750250
848,Daune,Besnard,7228256294
849,Dedie,Burdge,8700790134
850,April,Tweed,2980126769
851,Hestia,Tarbatt,5130791056
852,Husain,O'Lenane,1622701114
853,Perceval,Avraam,3611803474
854,Evelin,Wyatt,7316229640
855,Jacinta,Banthorpe,5757937258
856,Carolyne,Gerrie,8361694770
857,Orel,Bridgman,5624874954
858,Gena,Willerstone,5918929655
859,Cedric,Tincombe,9529342520
860,Leeanne,Pasticznyk,8207595756
861,Anitra,Wyldish,2869343399
862,Cathe,Brooksbie,2992503064
863,Fred,Rotham,7495165462
864,Tiphanie,Ambrogelli,8476766452
865,Phineas,Jados,3626289960
866,Norry,Mingay,3772444239
867,Celie,Cottem,4248610308
868,Fredrika,Gori,3880423195
869,Elvis,Yockley,7744167686
870,Glyn,McCarron,8597613775
871,Meaghan,Newall,2317359453
872,Hillie,Scaysbrook,2570264363
873,Vanna,Hurle,2915262127
874,Allin,Randles,8434425763
875,Josy,Swadling,5521838769
876,Sheila,Essam,3374319590
877,Cesare,Tourot,3967066688
878,Jackelyn,Zum Felde,7413362458
879,Eldridge,Fante,2325071753
880,Jeanelle,Konert,3383085819
881,Gae,Jorry,4558511183
882,Laurella,Sciusscietto,7930260176
883,Clari,Forrest,5442641481
884,Sauveur,Dyne,4610419503
885,Kristoforo,Ainscough,2543841142
886,Eduino,Kobpal,7590504072
887,Frederique,Pauwel,1646534973
888,Ysabel,Yelland,8661937430
889,Sadie,Senn,2243568027
890,Joey,Bythell,7585801760
891,Jenda,Lingwood,4202343707
892,Pearl,D'Antonio,2615214061
893,Glynda,Ayscough,4824789339
894,Rhonda,Malby,3429072151
895,Mayor,Statter,8027042207
896,Chrysa,Cornillot,9600513256
897,Aubrie,Organer,7310656619
898,Barnard,Cramond,3196488899
899,Alameda,McClary,4959707645
900,Odessa,Tudball,2891493319
901,Pierre,Block,7115778096
902,Henri,Lezemore,6020521083
903,Pembroke,Howle,5353688438
904,Martino,Norrie,2575556621
905,Lenci,Wedlock,9498275040
906,Pincus,Shoebrook,4500596722
907,Amalita,Bicksteth,3946116033
908,Arlyne,Haldene,4540366532
909,Suzanna,Slainey,6454616136
910,Nelly,Croisier,3726449743
911,Candide,Olivia,2174415807
912,Doralia,Luis,8154924393
913,Ev,Duran,8602202399
914,Marcel,Aberkirder,3863539410
915,Isadore,Mines,9266521046
916,Beatrice,Tattershall,3285652461
917,Brucie,Matushenko,4763177178
918,Emmalynn,O' Finan,8234897608
919,Urbanus,Hullock,9052838211
920,Madison,Davoren,3122863507
921,Welch,Tatford,4383285862
922,Koren,Deal,2323588579
923,Cleveland,Pallent,7048783585
924,Helenka,Kullmann,4138122790
925,Leann,Adnett,9887788870
926,Isacco,Mattiuzzi,1285014727
927,Rebekkah,Ladon,7300010683
928,Boy,Meads,2870119045
929,Manon,Pargent,9543741796
930,Stanislas,Cheng,4403556598
931,Tessy,Kobke,4325144333
932,Wendell,Fransemai,1459606952
933,Jacquelin,Gravenell,6855738972
934,Fredric,Waliszek,2643744870
935,Crystal,Osgar,6526534731
936,Irwin,Cantillon,4122156636
937,Natty,Blasoni,6039867819
938,Consuelo,Hammill,4175298271
939,Darryl,Howels,8689830911
940,Caspar,Streeter,9535904348
941,Leona,Ciobotaro,6129954633
942,Aileen,Olifard,2423858626
943,Georgi,Kirton,9970789513
944,Wilhelmine,Dodell,6451509663
945,Gustie,Berndtsson,6208679428
946,Braden,Kilmurry,2221073777
947,Drew,Oakenfall,9975768290
948,Maurits,Wapol,9625815029
949,Corrie,Kirby,4398397808
950,Quintin,Ambrogiotti,5408902912
951,Moyra,Baptist,1762333051
952,Donnajean,M'Quharge,6127464008
953,Shaun,Braisby,3488286874
954,Dougie,Johl,1330073657
955,Sansone,O'Luney,9582543116
956,Urban,Marking,8592599520
957,Gilburt,Senechault,9394923598
958,Lorna,Sommers,3363099184
959,Cathrine,McCraw,6101755192
960,Ephrem,L' Anglois,2468510494
961,Morlee,Brigg,2347311629
962,Laurie,Muress,9995838058
963,Allie,Hutcheons,6010345998
964,Andi,Attkins,8621784740
965,Efrem,Ort,7129864790
966,Abbie,Falco,9531685789
967,Nickolaus,McElhinney,7722917908
968,Cosimo,Faraday,7723442047
969,Jilli,Olexa,4092911369
970,Lenka,Deas,8580478155
971,Darsey,Heys,2981034630
972,Eldredge,Cejka,1572066182
973,Temp,Milington,2466803175
974,Enrico,Martugin,9018022781
975,Tommie,Niese,2019831197
976,Dunc,Rawles,4875629663
977,Aimil,Basini-Gazzi,5585286718
978,Robin,Rigler,3076923606
979,Remy,Bleyman,8556169788
980,Kit,Bosson,5255915703
981,Sheelah,Gorriessen,7304775153
982,Salvatore,Feacham,7844550956
983,Maddie,Egginson,3747242248
984,Kristien,Saice,2716650254
985,Benjamen,Shilleto,6809088973
986,Cam,Chang,2151242445
987,Terra,Leader,7456356674
988,Brendis,Danat,3379483125
989,Chrysler,McKellen,7374436476
990,Catherina,Kless,3012966490
991,Rickert,Sarginson,7425984775
992,Bernadette,Feake,7453805745
993,Auroora,Degnen,5907774169
994,Kingsley,Siggins,7857674560
995,Avril,Bools,4380864849
996,Maurise,Tommei,9798365414
997,Brittaney,Hawkswood,5299376479
998,Efren,Menguy,2361229444
999,Genia,Daugherty,7796923789
1000,Graig,Cicci,5829491115
